"";"seq_name";"tree_label";"oceanic";"coastal";"other";"limnic";"terrestrial"
"1";"AB362211_1_1790_U_Aurantiochytrium_sp";"Aurantiochytrium";0;1;0;0;0
"2";"MH059482_1_1849_U_Aurantiochytrium_limacinum";"Aurantiochytrium";0;1;0;0;0
"3";"JX847362_1_1770_U_Schizochytrium_sp";"Aurantiochytrium";0;8;0;0;0
"4";"JX863672_1_1669_U_Aurantiochytrium_sp";"Aurantiochytrium";0;3;0;0;0
"5";"KM023689_1_1779_U_Aurantiochytrium_sp";"Aurantiochytrium";0;1;0;0;0
"6";"DQ367049_1_1752_U_Aurantiochytrium_mangrovei";"Aurantiochytrium";0;18;0;0;0
"7";"MH595608_1_1777_U_Aurantiochytrium_sp";"Aurantiochytrium";0;4;0;0;0
"8";"HM042913_1_1757_U_Aurantiochytrium_limacinum";"Aurantiochytrium";0;1;0;0;0
"9";"JX847368_1_1571_U_Thraustochytriaceae_X_sp";"Aurantiochytrium";0;1;0;0;0
"10";"KM023698_1_1732_U_Aurantiochytrium_sp";"Aurantiochytrium";0;0;0;0;0
"11";"JQ982492_1_1777_U_Aurantiochytrium_limacinum";"Aurantiochytrium";0;5;0;0;0
"12";"KM023712_1_1730_U_Aurantiochytrium_sp";"Aurantiochytrium";0;0;0;0;0
"13";"LC017745_1_1320_U_Schizochytrium_sp";"Aurantiochytrium";0;1;0;0;0
"14";"MH319329_1_1799_U_Aurantiochytrium_acetophilum";"Aurantiochytrium";0;22;0;0;0
"15";"MW629371_1_1501_U_Aurantiochytrium_limacinum";"Aurantiochytrium";0;1;0;0;0
"16";"EU728656_1_704_U_Aurantiochytrium_mangrovei";"Aurantiochytrium";0;1;0;0;0
"17";"EU728657_1_704_U_Aurantiochytrium_mangrovei";"Aurantiochytrium";0;1;0;0;0
"18";"GU295222_1_653_U_Aurantiochytrium_limacinum";"Aurantiochytrium";0;0;0;0;0
"19";"MH319327_1_1801_U_Aurantiochytrium_acetophilum";"Aurantiochytrium";0;13;0;0;0
"20";"KM023695_1_1730_U_Aurantiochytrium_sp";"Aurantiochytrium";0;1;0;0;0
"21";"MH595610_1_1778_U_Aurantiochytrium_sp";"Aurantiochytrium";0;4;0;0;0
"22";"MH059488_1_1865_U_Aurantiochytrium_limacinum";"Aurantiochytrium";0;1;0;0;0
"23";"JQ248004_1_1214_U_Schizochytrium_sp";"Aurantiochytrium";0;1;0;0;0
"24";"JX847378_1_1554_U_Aurantiochytrium_sp";"Aurantiochytrium";0;4;0;0;0
"25";"KM023690_1_1782_U_Aurantiochytrium_sp";"Aurantiochytrium";0;0;0;0;0
"26";"MW629370_1_1514_U_Aurantiochytrium_limacinum";"Aurantiochytrium";0;1;0;0;0
"27";"MW629377_1_1538_U_Aurantiochytrium_limacinum";"Aurantiochytrium";0;1;0;0;0
"28";"MW629378_1_1504_U_Aurantiochytrium_limacinum";"Aurantiochytrium";0;1;0;0;0
"29";"OK350762_1_615_U_Aurantiochytrium_limacinum";"Aurantiochytrium";0;0;0;0;0
"30";"OK350761_1_606_U_Aurantiochytrium_limacinum";"Aurantiochytrium";0;0;0;0;0
"31";"KY970084_1_637_U_Aurantiochytrium_limacinum";"Aurantiochytrium";0;3;0;0;0
"32";"KY970085_1_756_U_Aurantiochytrium_limacinum";"Aurantiochytrium";0;2;0;0;0
"33";"JN675250_1_587_U_Thraustochytriaceae_X_sp";"Aurantiochytrium";0;1;0;0;0
"34";"JN675257_1_587_U_Thraustochytriaceae_X_sp";"Aurantiochytrium";0;1;0;0;0
"35";"MW629373_1_616_U_Aurantiochytrium_limacinum";"Aurantiochytrium";0;1;0;0;0
"36";"MW629374_1_1497_U_Aurantiochytrium_limacinum";"Aurantiochytrium";0;1;0;0;0
"37";"MW629375_1_624_U_Aurantiochytrium_limacinum";"Aurantiochytrium";0;1;0;0;0
"38";"KX688804_1_686_U_Aurantiochytrium_limacinum";"Aurantiochytrium";0;1;0;0;0
"39";"KX688809_1_687_U_Aurantiochytrium_limacinum";"Aurantiochytrium";0;1;0;0;0
"40";"MT906355_1_983_U_Aurantiochytrium_sp";"Aurantiochytrium";0;1;0;0;0
"41";"MT906356_1_984_U_Aurantiochytrium_sp";"Aurantiochytrium";0;1;0;0;0
"42";"KX688805_1_705_U_Aurantiochytrium_limacinum";"Aurantiochytrium";0;1;0;0;0
"43";"KR091914_1_1649_U_Aurantiochytrium_sp";"Aurantiochytrium";0;0;0;0;0
"44";"KX688806_1_703_U_Aurantiochytrium_limacinum";"Aurantiochytrium";0;1;0;0;0
"45";"MH059480_1_1674_U_Aurantiochytrium_limacinum";"Aurantiochytrium";0;4;0;0;0
"46";"MW629376_1_1321_U_Aurantiochytrium_limacinum";"Aurantiochytrium";0;1;0;0;0
"47";"KX688807_1_703_U_Aurantiochytrium_limacinum";"Aurantiochytrium";0;1;0;0;0
"48";"MH059485_1_1686_U_Aurantiochytrium_limacinum";"Aurantiochytrium";0;1;0;0;0
"49";"AB073303_1_1582_U_Thraustochytriaceae_X_sp";"Aurantiochytrium";0;1;0;0;0
"50";"MH319310_1_1797_U_Aurantiochytrium_acetophilum";"Aurantiochytrium";0;1;0;0;0
"51";"MG429099_1_571_U_Aurantiochytrium_limacinum";"Aurantiochytrium";0;6;0;0;0
"52";"MH595609_1_1776_U_Aurantiochytrium_sp";"Aurantiochytrium";0;3;0;0;0
"53";"JX847369_1_1764_U_Schizochytrium_sp";"Aurantiochytrium";0;1;0;0;0
"54";"MH595611_1_1779_U_Aurantiochytrium_sp";"Aurantiochytrium";0;1;0;0;0
"55";"KX379459_1_1781_U_Aurantiochytrium_limacinum";"Aurantiochytrium";0;13;0;0;0
"56";"KM023691_1_1665_U_Aurantiochytrium_sp";"Aurantiochytrium";0;1;0;0;0
"57";"MH059483_1_1856_U_Aurantiochytrium_limacinum";"Aurantiochytrium";0;1;0;0;0
"58";"MH059487_1_1861_U_Aurantiochytrium_limacinum";"Aurantiochytrium";0;1;0;0;0
"59";"JX847361_1_1767_U_Aurantiochytrium_sp";"Aurantiochytrium";0;4;0;0;0
"60";"JF260953_1_611_U_Aurantiochytrium_mangrovei";"Aurantiochytrium";0;1;0;0;0
"61";"MW629372_1_1520_U_Aurantiochytrium_limacinum";"Aurantiochytrium";0;1;0;0;0
"62";"DQ023611_1_1677_U_Aurantiochytrium_limacinum";"Aurantiochytrium";0;2;0;0;0
"63";"FJ821479_1_1769_U_Aurantiochytrium_sp";"Aurantiochytrium";0;0;0;0;0
"64";"KX688802_1_701_U_Aurantiochytrium_mangrovei";"Aurantiochytrium";0;3;0;0;0
"65";"OK350760_1_602_U_Aurantiochytrium_sp";"Aurantiochytrium";0;0;0;0;0
"66";"ON597428_1_568_U_Aurantiochytrium_sp";"Aurantiochytrium";0;0;0;0;0
"67";"KM023693_1_1780_U_Aurantiochytrium_sp";"Aurantiochytrium";0;7;0;0;0
"68";"KX688811_1_563_U_Thraustochytrium_sp";"Aurantiochytrium";0;1;0;0;0
"69";"DM372736_67_1840_U_Aurantiochytrium_sp";"Aurantiochytrium";0;3;0;0;0
"70";"FJ560900_1_1691_U_Aurantiochytrium_sp";"Aurantiochytrium";0;1;0;0;0
"71";"AY705742_1_1743_U_Aurantiochytrium_sp";"Aurantiochytrium";0;2;0;0;0
"72";"AY705745_1_1743_U_Aurantiochytrium_sp";"Aurantiochytrium";0;4;0;0;0
"73";"JN675262_1_583_U_Thraustochytriaceae_X_sp";"Aurantiochytrium";0;2;0;0;0
"74";"JN675276_1_582_U_Thraustochytriaceae_X_sp";"Aurantiochytrium";0;2;0;0;0
"75";"JN675258_1_584_U_Thraustochytriaceae_X_sp";"Aurantiochytrium";0;1;0;0;0
"76";"JN675256_1_584_U_Thraustochytriaceae_X_sp";"Aurantiochytrium";0;1;0;0;0
"77";"JN675259_1_583_U_Thraustochytriaceae_X_sp";"Aurantiochytrium";0;3;0;0;0
"78";"AB810978_1_1506_U_Aurantiochytrium_sp";"Aurantiochytrium";0;0;0;0;0
"79";"AB810990_1_1737_U_Aurantiochytrium_sp";"Aurantiochytrium";0;2;0;0;0
"80";"AB183655_1_1715_U_Aurantiochytrium_sp";"Aurantiochytrium";0;4;0;0;0
"81";"AB811009_1_1740_U_Aurantiochytrium_sp";"Aurantiochytrium";0;5;0;0;0
"82";"DQ834734_1_1904_U_Thraustochytriaceae_X_sp";"Aurantiochytrium";0;1;0;0;0
"83";"DQ834735_1_1948_U_Thraustochytriaceae_X_sp";"Aurantiochytrium";0;1;0;0;0
"84";"DQ525181_1_1911_U_Schizochytrium_sp";"Aurantiochytrium";0;0;0;0;0
"85";"MH488968_1_1781_U_Aurantiochytrium_sp";"Aurantiochytrium";0;6;0;0;0
"86";"AB290583_1_1719_U_Aurantiochytrium_sp";"Aurantiochytrium";0;0;0;0;0
"87";"KM023711_1_1719_U_Aurantiochytrium_sp";"Aurantiochytrium";0;0;0;0;0
"88";"KM023702_1_1729_U_Aurantiochytrium_sp";"Aurantiochytrium";0;0;0;0;0
"89";"JTFK01001422_1686_3457_U_Schizochytrium_sp";"Aurantiochytrium";2;0;0;0;0
"90";"KY677759_1_777_U_Aurantiochytrium_sp";"Aurantiochytrium";0;1;0;0;0
"91";"MZ306201_1_1671_U_Aurantiochytrium_sp";"Aurantiochytrium";0;14;0;0;0
"92";"KJ938302_1_1703_U_Aurantiochytrium_sp";"Aurantiochytrium";0;4;0;0;0
"93";"AB126669_1_1700_U_Aurantiochytrium_sp";"Aurantiochytrium";0;1;0;0;0
"94";"LC331946_1_511_U_Aurantiochytrium_sp";"Aurantiochytrium";0;1;0;0;0
"95";"KF460465_1_1710_U_Aurantiochytrium_sp";"Aurantiochytrium";0;2;0;0;0
"96";"JX847371_1_1768_U_Aurantiochytrium_sp";"Aurantiochytrium";0;4;0;0;0
"97";"KP792759_1_1689_U_Aurantiochytrium_sp";"Aurantiochytrium";0;3;0;0;0
"98";"AB073308_1_1693_U_Thraustochytriaceae_X_sp";"Aurantiochytrium";0;1;0;0;0
"99";"JN675252_1_540_U_Thraustochytriaceae_X_sp";"Aurantiochytrium";0;1;0;0;0
"100";"FJ821482_1_1770_U_Aurantiochytrium_sp";"Aurantiochytrium";0;6;0;0;0
"101";"JN675275_1_583_U_Thraustochytriaceae_X_sp";"Aurantiochytrium";0;2;0;0;0
"102";"KM374695_1_1642_U_Aurantiochytrium_sp";"Aurantiochytrium";0;0;0;0;0
"103";"HL196857_1_1761_U_Aurantiochytrium_sp";"Aurantiochytrium";0;0;0;0;0
"104";"FJ821497_1_1787_U_Aurantiochytrium_sp";"Monorhizochytrium";0;3;0;0;0
"105";"HQ228989_1_1705_U_Aurantiochytrium_sp";"Monorhizochytrium";0;1;0;0;0
"106";"LC171446_1_1628_U_Monorhizochytrium_globosum";"Monorhizochytrium";0;1;0;0;0
"107";"HQ228988_1_1702_U_Aurantiochytrium_sp";"Monorhizochytrium";0;0;0;0;0
"108";"DQ367051_1_1706_U_Thraustochytriaceae_X_sp";"DQ367051_1_1706_U_Thraustochytriaceae_X_sp";0;0;0;0;0
"109";"KF709394_1_1529_U_Aurantiochytrium_sp";"KF709394_1_1529_U_Aurantiochytrium_sp";0;1;0;0;0
"110";"KF718863_1_1528_U_Aurantiochytrium_sp";"KF718863_1_1528_U_Aurantiochytrium_sp";0;1;0;0;0
"111";"AB973555_1_1777_U_Aurantiochytrium_sp";"AB973555_1_1777_U_Aurantiochytrium_sp";0;3;0;0;0
"112";"AB810966_1_1828_U_Thraustochytriaceae_X_sp";"AB810966_1_1828_U_Thraustochytriaceae_X_sp";0;0;0;0;0
"113";"MH236174_1_1469_U_Thraustochytriaceae_X_sp";"MH236174_1_1469_U_Thraustochytriaceae_X_sp";0;2;0;0;0
"114";"MT668501_1_661_U_Thraustochytriaceae_X_sp";"MT668501_1_661_U_Thraustochytriaceae_X_sp";0;0;0;0;0
"115";"AB973557_1_1702_U_Thraustochytriaceae_X_sp";"AB973557_1_1702_U_Thraustochytriaceae_X_sp";0;1;0;0;0
"116";"DQ459556_1_1258_U_Aurantiochytrium_sp";"DQ459556_1_1258_U_Aurantiochytrium_sp";0;1;0;0;0
"117";"EF100273_1_1341_U_Thraustochytriaceae_X_sp";"EF100273_1_1341_U_Thraustochytriaceae_X_sp";0;1;0;0;0
"118";"EF100298_1_1339_U_Thraustochytriaceae_X_sp";"EF100298_1_1339_U_Thraustochytriaceae_X_sp";0;1;0;0;0
"119";"AB973558_1_1745_U_Thraustochytriaceae_X_sp";"AB973558_1_1745_U_Thraustochytriaceae_X_sp";0;1;0;0;0
"120";"AF257314_1_1615_U_Thraustochytriaceae_X_sp";"AF257314_1_1615_U_Thraustochytriaceae_X_sp";0;2;0;0;0
"121";"KF460464_1_1745_U_Thraustochytrium_kinnei";"Thraustochytrium kinnei";0;1;0;0;0
"122";"KF460467_1_1771_U_Thraustochytrium_kinnei";"Thraustochytrium kinnei";0;1;0;0;0
"123";"KF460463_1_1745_U_Thraustochytrium_kinnei";"Thraustochytrium kinnei";0;1;0;0;0
"124";"KF460462_1_1720_U_Thraustochytrium_kinnei";"Thraustochytrium kinnei";0;1;0;0;0
"125";"KF460466_1_1702_U_Thraustochytrium_kinnei";"Thraustochytrium kinnei";0;1;0;0;0
"126";"KX430103_1_1724_U_Thraustochytrium_kinnei";"Thraustochytrium kinnei";0;1;0;0;0
"127";"DQ459552_1_1737_U_Thraustochytrium_kinnei";"Thraustochytrium kinnei";0;1;0;0;0
"128";"KM374693_1_1646_U_Thraustochytrium_sp";"Thraustochytrium kinnei";0;0;0;0;0
"129";"HQ228966_1_1732_U_Thraustochytrium_kinnei";"Thraustochytrium kinnei";0;0;0;0;0
"130";"KF709393_1_1651_U_Thraustochytrium_kinnei";"Thraustochytrium kinnei";0;1;0;0;0
"131";"KX430104_1_1726_U_Thraustochytrium_kinnei";"Thraustochytrium kinnei";0;1;0;0;0
"132";"HQ228967_1_1737_U_Thraustochytrium_kinnei";"Thraustochytrium kinnei";0;0;0;0;0
"133";"JN675277_1_584_U_Thraustochytrium_kinnei";"Thraustochytrium kinnei";0;1;0;0;0
"134";"KM374692_1_1644_U_Thraustochytrium_sp";"Thraustochytrium kinnei";0;0;0;0;0
"135";"KM374690_1_1644_U_Thraustochytrium_sp";"Thraustochytrium kinnei";0;0;0;0;0
"136";"HQ228983_1_1703_U_Thraustochytrium_kinnei";"Thraustochytrium kinnei";0;0;0;0;0
"137";"L34668_1_1821_U_Thraustochytrium_kinnei";"Thraustochytrium kinnei";0;2;0;0;0
"138";"MH234496_1_922_U_Thraustochytrium_kinnei";"Thraustochytrium kinnei";0;1;0;0;0
"139";"JN180127_1_1750_U_Thraustochytrium_kinnei";"Thraustochytrium kinnei";0;0;0;0;0
"140";"KM374694_1_1624_U_Thraustochytrium_sp";"Thraustochytrium kinnei";0;0;0;0;0
"141";"JN675246_1_581_U_Thraustochytrium_kinnei";"Thraustochytrium kinnei";0;1;0;0;0
"142";"KM374697_1_1648_U_Thraustochytrium_sp";"Thraustochytrium kinnei";0;1;0;0;0
"143";"FJ821498_1_1808_U_Thraustochytrium_kinnei";"Thraustochytrium kinnei";0;0;0;0;0
"144";"HQ228974_1_1710_U_Thraustochytrium_kinnei";"Thraustochytrium kinnei";0;0;0;0;0
"145";"asv_393_26130_Thraustochytriaceae_LAB17_sp_5";"LAB17";0;2;0;0;0
"146";"HQ869652_1_931_U_Thraustochytriaceae_LAB17_sp";"LAB17";0;3;0;0;0
"147";"JF275537_1_500_U_Labyrinthulochytrium_arktikum";"LAB17";0;1;0;0;0
"148";"HQ869631_1_886_U_Thraustochytriaceae_LAB17_sp";"LAB17";0;1;0;0;0
"149";"EF539096_1_793_U_Thraustochytriaceae_LAB17_sp";"LAB17";0;2;0;0;0
"150";"FJ800622_1_1360_U_Thraustochytriaceae_LAB17_sp";"LAB17";0;2;0;0;0
"151";"FJ800614_1_1364_U_Thraustochytriaceae_LAB17_sp";"LAB17";0;3;0;0;0
"152";"FJ800621_1_1360_U_Thraustochytriaceae_LAB17_sp";"LAB17";0;1;0;0;0
"153";"FJ800587_1_1365_U_Thraustochytriaceae_LAB17_sp";"LAB17";0;1;0;0;0
"154";"KJ925941_1_500_U_Thraustochytriaceae_LAB17_sp";"LAB17";0;1;0;0;0
"155";"FJ800585_1_1363_U_Thraustochytriaceae_LAB17_sp";"LAB17";0;3;0;0;0
"156";"JF275536_1_500_U_Thraustochytriaceae_LAB17_sp";"LAB17";0;1;0;0;0
"157";"KC911788_1_820_U_Thraustochytriaceae_LAB17_sp";"LAB17";0;1;0;0;0
"158";"FJ800620_1_1360_U_Thraustochytriaceae_LAB17_sp";"LAB17";1;1;0;0;0
"159";"HM369675_1_514_U_Thraustochytriaceae_LAB17_sp";"LAB17";0;1;0;0;0
"160";"MZ562737_1_1343_U_Thraustochytriaceae_LAB17_sp";"LAB17";0;1;0;0;0
"161";"asv_393_30897_Thraustochytriaceae_LAB17_sp_2";"LAB17";0;1;0;0;0
"162";"asv_393_14247_Thraustochytriaceae_LAB17_sp_89";"LAB17";2;1;0;0;0
"163";"JF791020_1_1777_U_Thraustochytriaceae_LAB17_sp";"LAB17";0;2;0;0;0
"164";"JN418985_1_520_U_Thraustochytriaceae_LAB17_sp";"LAB17";1;0;0;0;0
"165";"AY256317_1_1218_U_Thraustochytriaceae_LAB17_sp";"LAB17";1;0;0;0;0
"166";"HM369554_1_1024_U_Thraustochytriaceae_LAB17_sp";"LAB17";0;1;0;0;0
"167";"asv_393_31680_Thraustochytriaceae_LAB17_sp_2";"LAB17";0;1;0;0;0
"168";"FJ800589_1_1359_U_Thraustochytriaceae_LAB19_sp";"LAB19/Phycophtorum isakeiti";0;1;0;0;0
"169";"MN382127_1_1072_UC_Phycophthorum_isakeiti";"LAB19/Phycophtorum isakeiti";0;1;0;0;0
"170";"FN690668_1_836_U_Thraustochytriaceae_LAB19_sp";"LAB19/Phycophtorum isakeiti";0;1;0;0;0
"171";"MT648465_1_1042_U_Thraustochytriaceae_LAB19_sp";"LAB19/Phycophtorum isakeiti";0;0;0;0;0
"172";"AB073307_1_1660_U_Labyrinthuloides_sp";"Labyrinthulochytrium";0;1;0;0;0
"173";"AB810951_1_1789_U_Labyrinthuloides_sp";"Labyrinthulochytrium";0;0;0;0;0
"174";"KF411465_1_781_U_Labyrinthuloides_sp";"Labyrinthulochytrium";0;1;0;0;0
"175";"HQ228982_1_1727_U_Labyrinthuloides_sp";"Labyrinthulochytrium";0;0;0;0;0
"176";"MG099001_1_1744_U_Labyrinthulochytrium_arktikum";"Labyrinthulochytrium";0;1;0;0;0
"177";"U21338_1_1846_U_Labyrinthuloides_haliotidis";"Labyrinthulochytrium";0;0;1;0;0
"178";"KJ926040_1_500_U_Thraustochytriaceae_LAB19_sp";"KJ926040_1_500_U_Thraustochytriaceae_LAB19_sp";0;1;0;0;0
"179";"KX998822_1_1115_U_Thraustochytriaceae_LAB18_sp";"LAB18";0;0;0;2;0
"180";"KX998838_1_1098_U_Thraustochytriaceae_LAB18_sp";"LAB18";0;0;0;1;0
"181";"JN547303_1_1573_U_Thraustochytriaceae_LAB18_sp";"LAB18";0;0;0;2;0
"182";"AJ862404_1_501_U_Thraustochytriaceae_LAB18_sp";"LAB18";0;0;0;1;0
"183";"FJ800594_1_1359_U_Thraustochytriaceae_LAB18_sp";"LAB18";0;1;0;0;0
"184";"AB973545_1_1754_U_Thraustochytriaceae_SEK690_sp";"SEK690";0;7;0;0;0
"185";"MT814284_1_811_U_Thraustochytriaceae_SEK690_sp";"SEK690";0;0;0;0;0
"186";"AB052556_1_1793_U_Schizochytrium_sp";"Schizochytrium";0;1;0;0;0
"187";"AB073306_1_1664_U_Schizochytrium_sp";"Schizochytrium";0;1;0;0;0
"188";"AB542115_1_1679_U_Schizochytrium_sp";"Schizochytrium";1;0;0;0;0
"189";"GM664568_1_1803_U_Schizochytrium_sp";"Schizochytrium";0;1;0;0;0
"190";"KX688822_1_552_U_Schizochytrium_sp";"Schizochytrium";0;1;0;0;0
"191";"AB290576_1_1766_U_Schizochytrium_sp";"Schizochytrium";0;2;0;0;0
"192";"AB810965_1_1757_U_Schizochytrium_sp";"Schizochytrium";0;0;0;0;0
"193";"AB022106_1_1677_U_Schizochytrium_aggregatum";"Schizochytrium";1;1;0;0;0
"194";"HQ228971_1_1712_U_Schizochytrium_sp";"Schizochytrium";0;0;0;0;0
"195";"HQ228969_1_1715_U_Schizochytrium_sp";"Schizochytrium";0;1;0;0;0
"196";"GU933119_1_1248_U_Schizochytrium_aggregatum";"Schizochytrium";0;0;0;0;0
"197";"JN675269_1_584_U_Schizochytrium_sp";"Schizochytrium";0;2;0;0;0
"198";"AB073309_1_1655_U_Schizochytrium_sp";"Schizochytrium";0;1;0;0;0
"199";"AY705753_1_1784_U_Schizochytrium_sp";"Thraustochytrium gaertnerium";0;1;0;0;0
"200";"AY705756_1_1784_U_Schizochytrium_sp";"Thraustochytrium gaertnerium";0;1;0;0;0
"201";"AY705755_1_1783_U_Schizochytrium_sp";"Thraustochytrium gaertnerium";0;1;0;0;0
"202";"AY705752_1_1784_U_Schizochytrium_sp";"Thraustochytrium gaertnerium";0;2;0;0;0
"203";"AB355411_1_1756_U_Parietichytrium_sarkarianum";"Parietichytrium sarkarianum";0;1;0;0;0
"204";"AB810975_1_1754_U_Parietichytrium_sarkarianum";"Parietichytrium sarkarianum";0;0;0;0;0
"205";"KP015183_1_1400_U_Parietichytrium_sp";"Parietichytrium sarkarianum";0;1;0;0;0
"206";"AB810976_1_1755_U_Parietichytrium_sarkarianum";"Parietichytrium sarkarianum";0;0;0;0;0
"207";"DM372737_2_1798_U_Parietichytrium_sarkarianum";"Parietichytrium sarkarianum";0;0;0;0;0
"208";"AB073304_1_1679_U_Parietichytrium_sarkarianum";"Parietichytrium sarkarianum";0;1;0;0;0
"209";"AB810955_1_1755_U_Parietichytrium_sarkarianum";"Parietichytrium sarkarianum";0;1;0;0;0
"210";"AB810977_1_1755_U_Parietichytrium_sarkarianum";"Parietichytrium sarkarianum";0;2;0;0;0
"211";"AB244715_1_1742_U_Parietichytrium_sarkarianum";"Parietichytrium sarkarianum";0;0;0;0;0
"212";"KX688798_1_691_U_Parietichytrium_sarkarianum";"Parietichytrium sarkarianum";0;1;0;0;0
"213";"AB290580_1_1759_U_Parietichytrium_sarkarianum";"Parietichytrium sarkarianum";0;1;0;0;0
"214";"KM023708_1_1758_U_Parietichytrium_sp";"Parietichytrium sarkarianum";0;0;0;0;0
"215";"AB073305_1_1731_U_Parietichytrium_sarkarianum";"Parietichytrium sarkarianum";0;1;0;0;0
"216";"AB810953_1_1746_U_Parietichytrium_sarkarianum";"Parietichytrium sarkarianum";0;0;0;0;0
"217";"AB810954_1_1745_U_Parietichytrium_sarkarianum";"Parietichytrium sarkarianum";0;0;0;0;0
"218";"KX688819_1_692_U_Thraustochytrium_roseum";"KX688819_1_692_U_Thraustochytrium_roseum";0;1;0;0;0
"219";"KX688820_1_514_U_Thraustochytrium_roseum";"KX688820_1_514_U_Thraustochytrium_roseum";0;1;0;0;0
"220";"KX688817_1_689_U_Thraustochytrium_roseum";"KX688817_1_689_U_Thraustochytrium_roseum";0;2;0;0;0
"221";"AB810986_1_1757_U_Botryochytrium_sp";"Botryochytrium";1;1;0;0;0
"222";"DQ023614_1_1691_U_Botryochytrium_sp";"Botryochytrium";0;1;0;0;0
"223";"AB022114_1_1707_U_Botryochytrium_sp";"Botryochytrium";0;0;0;0;0
"224";"AB810984_1_1758_U_Botryochytrium_sp";"Botryochytrium";0;0;0;0;0
"225";"KM374687_1_1649_U_Thraustochytrium_aureum";"Thraustochytrium aureum";0;0;0;0;0
"226";"MT812738_1_658_U_Thraustochytrium_aureum";"Thraustochytrium aureum";0;0;0;0;0
"227";"KM374686_1_1656_U_Thraustochytrium_aureum";"Thraustochytrium aureum";1;0;0;0;0
"228";"HM744738_1_684_U_Thraustochytrium_aureum";"Thraustochytrium aureum";0;1;0;0;0
"229";"AB022110_1_1807_U_Thraustochytrium_aureum";"Thraustochytrium aureum";0;2;0;0;0
"230";"AB973566_1_1749_U_Thraustochytrium_roseum";"Thraustochytrium aureum";0;1;0;0;0
"231";"HQ228957_1_1722_U_Thraustochytrium_aureum";"Thraustochytrium aureum";0;0;0;0;0
"232";"MT813023_1_797_U_Thraustochytrium_aureum";"Thraustochytrium aureum";0;0;0;0;0
"233";"MT814295_1_755_U_Thraustochytrium_aureum";"Thraustochytrium aureum";0;0;0;0;0
"234";"GU933120_1_1649_U_Thraustochytrium_aureum";"Thraustochytrium aureum";0;1;0;0;0
"235";"HQ228955_1_1750_U_Thraustochytrium_aureum";"Thraustochytrium aureum";0;0;0;0;0
"236";"HQ228972_1_1742_U_Thraustochytrium_aureum";"Thraustochytrium aureum";0;0;0;0;0
"237";"FJ389760_1_704_U_Thraustochytrium_sp";"Thraustochytium motivum";0;1;0;0;0
"238";"FJ389866_1_656_U_Thraustochytrium_sp";"Thraustochytium motivum";0;1;0;0;0
"239";"AY870338_1_600_U_Thraustochytrium_sp";"Thraustochytium motivum";0;1;0;0;0
"240";"FJ389879_1_690_U_Thraustochytrium_sp";"Thraustochytium motivum";0;1;0;0;0
"241";"FJ389758_1_719_U_Thraustochytrium_sp";"Thraustochytium motivum";0;1;0;0;0
"242";"FJ389757_1_841_U_Thraustochytrium_sp";"Thraustochytium motivum";0;0;0;0;0
"243";"FJ389766_1_719_U_Thraustochytrium_sp";"Thraustochytium motivum";0;1;0;0;0
"244";"AF265337_1_1215_U_Thraustochytrium_motivum";"Thraustochytium motivum";0;1;0;0;0
"245";"KM402873_1_1700_U_Thraustochytrium_sp";"Thraustochytium motivum";0;3;0;0;0
"246";"FJ389764_1_844_U_Thraustochytrium_sp";"Thraustochytium motivum";0;6;0;0;0
"247";"FJ389789_1_714_U_Thraustochytrium_sp";"Thraustochytium motivum";0;1;0;0;0
"248";"FJ389807_1_868_U_Thraustochytrium_sp";"Thraustochytium motivum";0;6;0;0;0
"249";"FJ389799_1_765_U_Thraustochytrium_sp";"Thraustochytium motivum";0;1;0;0;0
"250";"FJ389801_1_720_U_Thraustochytrium_sp";"Thraustochytium motivum";0;5;0;0;0
"251";"FJ389802_1_845_U_Thraustochytrium_sp";"Thraustochytium motivum";0;1;0;0;0
"252";"FJ389759_1_731_U_Thraustochytrium_sp";"FJ389759_1_731_U_Thraustochytrium_sp";0;1;0;0;0
"253";"FJ389875_1_801_U_Thraustochytrium_sp";"FJ389875_1_801_U_Thraustochytrium_sp";0;1;0;0;0
"254";"FJ389808_1_857_U_Thraustochytrium_sp";"FJ389808_1_857_U_Thraustochytrium_sp";0;1;0;0;0
"255";"FJ389755_1_842_U_Thraustochytrium_sp";"FJ389755_1_842_U_Thraustochytrium_sp";0;1;0;0;0
"256";"FJ389763_1_732_U_Thraustochytrium_sp";"FJ389763_1_732_U_Thraustochytrium_sp";0;1;0;0;0
"257";"FJ389765_1_848_U_Thraustochytrium_sp";"FJ389765_1_848_U_Thraustochytrium_sp";0;1;0;0;0
"258";"AB022112_1_1749_U_Thraustochytrium_striatum";"Thraustochytrium striatum";0;1;0;0;0
"259";"OP177678_1_1633_U_Thraustochytrium_striatum";"Thraustochytrium striatum";0;1;0;0;0
"260";"HQ116831_1_682_U_Thraustochytrium_striatum";"Thraustochytrium striatum";0;1;0;0;0
"261";"HQ228968_1_1731_U_Thraustochytrium_striatum";"Thraustochytrium striatum";0;0;0;0;0
"262";"HQ228975_1_1624_U_Thraustochytrium_striatum";"Thraustochytrium striatum";0;0;0;0;0
"263";"HQ228953_1_1729_U_Thraustochytrium_striatum";"Thraustochytrium striatum";0;0;0;0;0
"264";"AB810969_1_1767_U_Thraustochytrium_sp";"Thraustochytrium striatum";0;0;0;0;0
"265";"HQ228956_1_1720_U_Thraustochytrium_striatum";"Thraustochytrium striatum";0;0;0;0;0
"266";"FJ389778_1_731_U_Thraustochytrium_sp";"FJ389778_1_731_U_Thraustochytrium_sp";0;2;0;0;0
"267";"FJ389828_1_727_U_Thraustochytrium_sp";"FJ389828_1_727_U_Thraustochytrium_sp";0;3;0;0;0
"268";"FJ389773_1_730_U_Thraustochytrium_sp";"FJ389773_1_730_U_Thraustochytrium_sp";0;1;0;0;0
"269";"FJ389761_1_728_U_Thraustochytrium_sp";"FJ389761_1_728_U_Thraustochytrium_sp";0;1;0;0;0
"270";"FJ389772_1_848_U_Thraustochytrium_sp";"FJ389772_1_848_U_Thraustochytrium_sp";0;1;0;0;0
"271";"FJ389774_1_845_U_Thraustochytrium_sp";"FJ389774_1_845_U_Thraustochytrium_sp";0;2;0;0;0
"272";"FJ389762_1_847_U_Thraustochytrium_sp";"FJ389762_1_847_U_Thraustochytrium_sp";0;1;0;0;0
"273";"AB973561_1_1667_U_Thraustochytriaceae_HK10_sp";"HK10";0;1;0;0;0
"274";"FJ821499_1_1815_U_Thraustochytriaceae_HK10_sp";"HK10";0;0;0;0;0
"275";"asv_393_28764_Thraustochytriaceae_HK10_sp_3";"HK10";0;1;0;0;0
"276";"FJ800627_1_1375_U_Thraustochytriaceae_HK10_sp";"HK10";0;1;0;0;0
"277";"FJ389800_1_850_U_Thraustochytriaceae_HK10_sp";"HK10";0;1;0;0;0
"278";"FJ389814_1_861_U_Thraustochytriaceae_HK10_sp";"HK10";0;5;0;0;0
"279";"FJ389797_1_851_U_Thraustochytriaceae_HK10_sp";"HK10";0;1;0;0;0
"280";"FJ389858_1_557_U_Thraustochytriaceae_HK10_sp";"HK10";0;1;0;0;0
"281";"GU825082_1_1413_U_Thraustochytriaceae_HK10_sp";"HK10";1;0;0;0;0
"282";"FJ821500_1_1819_U_Thraustochytriaceae_HK10_sp";"HK10";1;0;0;0;0
"283";"asv_393_30437_Thraustochytriaceae_HK10_sp_2";"HK10";0;1;0;0;0
"284";"AB022104_1_1760_U_Ulkenia_sp";"Ulkenia";0;1;0;0;0
"285";"AB022116_1_1812_U_Ulkenia_visurgensis";"Ulkenia";0;2;0;0;0
"286";"AB290355_1_1790_U_Ulkenia_sp";"Ulkenia";0;1;0;0;0
"287";"DM372738_54_1880_U_Ulkenia_sp";"Ulkenia";0;0;0;0;0
"288";"FJ010826_1_1407_U_Ulkenia_sp";"Ulkenia";0;1;0;0;0
"289";"OM228767_1_1106_U_Ulkenia_visurgensis";"Ulkenia";0;1;0;0;0
"290";"HQ228981_1_1750_U_Ulkenia_sp";"Ulkenia";0;0;0;0;0
"291";"L34054_1_1815_U_Ulkenia_profunda";"Ulkenia";0;1;0;0;0
"292";"FJ389788_1_849_U_Ulkenia_sp";"Ulkenia";0;2;0;0;0
"293";"FJ389790_1_712_U_Ulkenia_sp";"Ulkenia";0;1;0;0;0
"294";"FJ389830_1_790_U_Ulkenia_sp";"Ulkenia";0;1;0;0;0
"295";"AB355412_1_1733_U_Sicyoidochytrium_minutum";"Sicyoidochytrium";0;1;0;0;0
"296";"KX430107_1_1697_U_Sicyoidochytrium_sp";"Sicyoidochytrium";1;3;0;0;0
"297";"KX430105_1_1699_U_Sicyoidochytrium_sp";"Sicyoidochytrium";0;1;0;0;0
"298";"KX430108_1_1243_U_Sicyoidochytrium_sp";"Sicyoidochytrium";0;1;0;0;0
"299";"KX430106_1_1422_U_Sicyoidochytrium_sp";"Sicyoidochytrium";0;1;0;0;0
"300";"AB183654_1_1737_U_Sicyoidochytrium_sp";"Sicyoidochytrium";0;0;0;0;0
"301";"EU264111_1_629_U_Sicyoidochytrium_sp";"Sicyoidochytrium";0;2;0;0;0
"302";"EU264109_1_850_U_Sicyoidochytrium_sp";"Sicyoidochytrium";1;1;0;0;0
"303";"EU264110_1_538_U_Sicyoidochytrium_sp";"Sicyoidochytrium";0;1;0;0;0
"304";"AY870336_1_1634_U_Sicyoidochytrium_sp";"Sicyoidochytrium";0;1;0;0;0
"305";"EF114348_1_1654_U_Thraustochytrium_caudivorum";"Thraustochytrium caudivorum";1;0;0;0;0
"306";"EF114353_1_1662_U_Thraustochytrium_caudivorum";"Thraustochytrium caudivorum";6;1;0;0;0
"307";"EF114355_1_1655_U_Thraustochytrium_caudivorum";"Thraustochytrium caudivorum";3;0;0;0;0
"308";"FJ800613_1_1346_U_Thraustochytriaceae_KB8_sp";"KB8";0;1;0;0;0
"309";"JX457319_1_1608_U_Thraustochytriaceae_KB8_sp";"KB8";0;1;0;0;0
"310";"AB022113_1_1795_U_Thraustochytrium_pachydermum";"Thraustochytrium pachydermum";0;0;0;0;0
"311";"OL721615_1_543_U_Thraustochytrium_pachydermum";"Thraustochytrium pachydermum";0;1;0;0;0
"312";"AB973525_1_1671_U_Thraustochytrium_pachydermum";"Thraustochytrium pachydermum";0;1;0;0;0
"313";"asv_393_04311_Thraustochytriaceae_QPX_sp_187";"C9G";0;1;0;0;0
"314";"asv_393_07337_Thraustochytriaceae_QPX_sp_423";"C9G";0;2;0;0;0
"315";"AF474172_1_1765_U_Thraustochytriaceae_QPX_sp";"C9G";0;1;0;0;0
"316";"AF155209_1_1744_U_Thraustochytriaceae_QPX_sp";"Mucochytrium quahogii (QPX)";0;1;0;0;0
"317";"AF261664_1_1794_U_Thraustochytriaceae_QPX_sp";"Mucochytrium quahogii (QPX)";0;13;0;0;0
"318";"DI343995_2_1713_U_Thraustochytriaceae_QPX_sp";"DI343995_2_1713_U_Thraustochytriaceae_QPX_sp";0;0;0;0;0
"319";"GU969088_1_907_U_Thraustochytriaceae_SEK690_sp";"GU969088_1_907_U_Thraustochytriaceae_SEK690_sp";0;0;0;1;0
"320";"KU196155_1_809_U_Thraustochytriaceae_SEK690_sp";"KU196155_1_809_U_Thraustochytriaceae_SEK690_sp";0;0;0;2;0
"321";"FN690483_1_1672_U_Thraustochytriaceae_SEK690_sp";"FN690483_1_1672_U_Thraustochytriaceae_SEK690_sp";0;1;0;0;0
"322";"FN690485_1_838_U_Thraustochytriaceae_SEK690_sp";"FN690485_1_838_U_Thraustochytriaceae_SEK690_sp";0;1;0;0;0
"323";"AB810959_1_1681_U_Thraustochytriaceae_SEK690_sp";"AB810959_1_1681_U_Thraustochytriaceae_SEK690_sp";0;0;0;0;0
"324";"KU728174_1_1762_U_Sorodiplophrys_stercorea";"Amphilidae";0;0;0;0;1
"325";"KU728175_1_1880_U_Sorodiplophrys_stercorea";"Amphilidae";0;0;0;0;2
"326";"KU728176_1_1879_U_Sorodiplophrys_stercorea";"Amphilidae";0;0;0;0;1
"327";"KT252458_1_518_U_Sorodiplophrys_stercorea";"Amphilidae";0;0;1;0;0
"328";"JQ692229_1_550_U_Amphifilaceae_X_sp";"Amphilidae";0;0;0;1;0
"329";"KT252456_1_515_U_Fibrophrys_sp";"Amphilidae";0;0;1;0;0
"330";"JF260892_1_517_U_Amphifilaceae_X_sp";"Amphilidae";0;0;0;1;0
"331";"KJ925926_1_500_U_Sorodiplophrys_stercorea";"Amphilidae";0;1;0;0;0
"332";"AB856528_1_1762_U_Fibrophrys_columna";"Amphilidae";0;0;0;1;0
"333";"AB721069_1_1686_U_Amphifilaceae_X_sp";"Amphilidae";0;0;1;0;0
"334";"AY919801_1_1739_U_Amphifilaceae_X_sp";"Amphilidae";0;0;0;1;0
"335";"AB721051_1_1697_U_Fibrophrys_sp";"Amphilidae";0;0;1;0;0
"336";"EU147289_1_800_U_Fibrophrys_sp";"Amphilidae";0;0;0;1;0
"337";"GU919334_1_508_U_Amphifilaceae_X_sp";"Amphilidae";0;0;0;1;0
"338";"asv_393_29815_Fibrophrys_sp_3";"Amphilidae";0;1;0;0;0
"339";"KC911795_1_841_U_Amphifilaceae_X_sp";"Amphilidae";0;1;0;0;0
"340";"AY919734_1_1736_U_Fibrophrys_sp";"Amphilidae";0;0;0;1;0
"341";"AY919755_1_1748_U_Fibrophrys_sp";"Amphilidae";0;0;0;1;0
"342";"AY919705_1_1738_U_Fibrophrys_sp";"Amphilidae";0;0;0;3;0
"343";"AY919687_1_1741_U_Fibrophrys_sp";"Amphilidae";0;0;0;1;0
"344";"AY919701_1_1735_U_Fibrophrys_sp";"Amphilidae";0;0;0;1;0
"345";"asv_393_21682_Fibrophrys_sp_10";"Amphilidae";0;1;0;0;0
"346";"AB721042_1_1697_U_Fibrophrys_sp";"Amphilidae";0;0;1;0;0
"347";"GU922746_1_509_U_Amphifilaceae_X_sp";"Amphilidae";0;0;0;1;0
"348";"LC096096_1_1293_U_Amphifila_sp";"Amphilidae";0;0;0;0;0
"349";"asv_393_14744_Amphifilaceae_X_sp_100";"Amphilidae";0;2;0;0;0
"350";"asv_393_24562_Amphifila_sp_7";"Amphilidae";0;1;0;0;0
"351";"AF265331_1_1123_U_Amphifila_marina";"Amphilidae";0;1;0;0;0
"352";"FJ410599_1_800_U_Amphifilaceae_X_sp";"Amphilidae";0;0;0;1;0
"353";"LN575027_1_752_U_Amphifilaceae_X_sp";"LAB36";0;0;0;0;1
"354";"LN581594_1_746_U_Amphifilaceae_X_sp";"LAB36";0;0;0;0;1
"355";"LN574846_1_751_U_Amphifilaceae_X_sp";"LAB36";0;0;0;0;3
"356";"LN575091_1_751_U_Amphifilaceae_X_sp";"LAB36";0;0;0;0;5
"357";"LN582041_1_761_U_Amphifilaceae_X_sp";"LAB36";0;0;0;0;1
"358";"LN581452_1_748_U_Amphifilaceae_X_sp";"LAB36";0;0;0;0;1
"359";"LN581766_1_739_U_Amphifilaceae_X_sp";"LAB36";0;0;0;0;1
"360";"LN580310_1_739_U_Amphifilaceae_X_sp";"LAB36";0;0;0;0;2
"361";"LN582061_1_740_U_Amphifilaceae_X_sp";"LAB36";0;0;0;0;1
"362";"DQ104600_1_1261_U_Amphifilaceae_X_sp";"LAB36";0;0;0;1;0
"363";"DQ104602_1_1279_U_Amphifilaceae_X_sp";"LAB36";0;0;0;1;0
"364";"DQ104585_1_1242_U_Amphifilaceae_X_sp";"LAB36";0;0;0;1;0
"365";"LN580137_1_752_U_Amphifilaceae_X_sp";"LAB36";0;0;0;0;1
"366";"LN587488_1_756_U_Amphifilaceae_X_sp";"LAB36";0;0;0;0;1
"367";"AB970183_1_521_U_Amphifilaceae_X_sp";"LAB36";0;0;0;0;1
"368";"EF023442_1_1807_U_Amphifilaceae_X_sp";"LAB36";0;0;0;0;1
"369";"AB627973_1_521_U_Amphifilaceae_X_sp";"LAB36";0;0;0;0;1
"370";"KT252517_1_517_U_Amphifilaceae_X_sp";"LAB36";0;0;1;0;0
"371";"EF023338_1_1806_U_Amphifilaceae_X_sp";"LAB36";0;0;0;0;5
"372";"LN585946_1_753_U_Amphifilaceae_X_sp";"LAB36";0;0;0;0;1
"373";"LN586976_1_748_U_Amphifilaceae_X_sp";"LAB36";0;0;0;0;1
"374";"LN577564_1_743_U_Amphifilaceae_X_sp";"LAB36";0;0;0;0;1
"375";"KT252443_1_516_U_Amphifilaceae_X_sp";"LAB36";0;0;1;0;0
"376";"KT252513_1_518_U_Amphifilaceae_X_sp";"LAB36";0;0;1;0;0
"377";"AB572139_1_676_U_Amphifilaceae_X_sp";"LAB36";0;0;1;0;0
"378";"KC454889_1_520_U_Amphifilaceae_X_sp";"LAB36";0;0;0;1;0
"379";"AB970256_1_556_U_Amphifilaceae_X_sp";"LAB36";0;0;0;0;1
"380";"AB970424_1_558_U_Amphifilaceae_X_sp";"LAB36";0;0;0;0;1
"381";"AB970374_1_520_U_Amphifilaceae_X_sp";"LAB36";0;0;0;0;2
"382";"AB695490_1_1762_U_Amphifilaceae_X_sp";"LAB36";0;0;0;2;0
"383";"GU918930_1_542_U_Amphifilaceae_X_sp";"LAB35";0;0;0;1;0
"384";"GU920082_1_524_U_Amphifilaceae_X_sp";"LAB35";0;0;0;2;0
"385";"GU922821_1_536_U_Amphifilaceae_X_sp";"LAB35";0;0;0;1;0
"386";"AB622307_1_1692_U_Amphifilaceae_X_sp";"LAB35";0;0;0;2;0
"387";"KC245091_1_1351_U_Amphitrema_wrightianum";"Amphitremida";0;0;0;1;0
"388";"KC245092_1_1351_U_Amphitrema_wrightianum";"Amphitremida";0;0;0;2;0
"389";"GQ330589_1_1574_U_Amphitrema_sp";"Amphitremida";0;0;0;1;0
"390";"AF304465_427_780_1039_1554_UC_Diplophrys_sp";"Amphitremida";0;0;0;0;0
"391";"KC245094_1_1278_U_Archerella_flavum";"Amphitremida";0;0;0;4;0
"392";"MK177631_1_1724_U_Amphitrema_wrightianum";"Amphitremida";0;0;1;1;0
"393";"JN979536_1_518_U_Amphitrema_sp";"Amphitremida";0;1;0;0;0
"394";"MG969939_1_1681_U_Archerella_sp";"Amphitremida";0;0;0;1;0
"395";"KT072190_1_1634_U_Archerella_sp";"Amphitremida";0;0;0;1;0
"396";"GU923337_1_533_U_Amphitrema_sp";"Amphitremida";0;0;0;1;0
"397";"GU823043_1_1439_U_Amphitraemidae_LAB20_sp";"LAB20";13;1;0;0;0
"398";"GU824170_1_1233_U_Amphitraemidae_LAB20_sp";"LAB20";1;0;0;0;0
"399";"asv_393_17018_Amphitraemidae_LAB20_sp_17";"LAB20";0;1;0;0;0
"400";"asv_393_12731_Labyrinthulomycetes_LAB8_sp_54";"LAB8";0;2;0;0;0
"401";"asv_393_19453_Labyrinthulomycetes_LAB8_sp_23";"LAB8";0;3;0;0;0
"402";"AB505497_1_1724_U_Labyrinthulomycetes_LAB8_sp";"LAB8";1;0;0;0;0
"403";"GU219149_1_625_U_Labyrinthulomycetes_LAB8_sp";"LAB8";1;0;0;0;0
"404";"AB505496_1_1678_U_Labyrinthulomycetes_LAB8_sp";"LAB8";1;0;0;0;0
"405";"GU823135_1_1405_U_Labyrinthulomycetes_LAB8_sp";"LAB8";5;2;0;0;0
"406";"AF290070_1_1689_U_Labyrinthulomycetes_LAB8_sp";"LAB8";1;0;0;0;0
"407";"FJ800619_1_1379_U_Labyrinthulomycetes_LAB5_X_sp";"LAB5";0;2;0;0;0
"408";"KY980295_1_1696_U_Labyrinthulomycetes_LAB5_X_sp";"LAB5";0;0;0;0;0
"409";"asv_393_05651_Labyrinthulomycetes_LAB5_X_sp_933";"LAB5";0;2;0;0;0
"410";"AY381210_1_1730_U_Labyrinthulomycetes_LAB5_X_sp";"LAB5";0;1;0;0;0
"411";"AB191425_1_1718_U_Labyrinthulomycetes_LAB6_sp";"LAB6";1;0;0;0;0
"412";"HM227105_1_525_U_Labyrinthulomycetes_LAB6_sp";"LAB6";0;1;0;0;0
"413";"asv_393_19751_Labyrinthulomycetes_LAB6_sp_12";"LAB6";1;2;0;0;0
"414";"DQ310278_1_1818_U_Labyrinthulomycetes_LAB6_sp";"LAB6";0;1;0;0;0
"415";"EF100295_1_1340_U_Labyrinthulomycetes_LAB6_sp";"LAB6";0;1;0;0;0
"416";"AB505562_1_1732_U_Labyrinthulomycetes_LAB6_sp";"LAB6";1;0;0;0;0
"417";"AY046766_1_1210_U_Aplanochytrium_sp";"Aplanochytrium";0;1;0;0;0
"418";"AY046781_1_1216_U_Aplanochytrium_sp";"Aplanochytrium";0;1;0;0;0
"419";"AY046756_1_1210_U_Aplanochytrium_sp";"Aplanochytrium";0;1;0;0;0
"420";"AY256322_1_1225_U_Aplanochytrium_sp";"Aplanochytrium";1;0;0;0;0
"421";"AY882509_1_1214_U_Aplanochytrium_sp";"Aplanochytrium";0;1;0;0;0
"422";"DQ459555_1_630_U_Aplanochytrium_sp";"Aplanochytrium";0;1;0;0;0
"423";"GU823157_1_1078_U_Aplanochytrium_sp";"Aplanochytrium";1;0;0;0;0
"424";"AY256336_1_1289_U_Aplanochytrium_sp";"Aplanochytrium";1;0;0;0;0
"425";"DQ103811_1_1420_U_Aplanochytrium_sp";"Aplanochytrium";2;3;0;0;0
"426";"FJ389862_1_798_U_Aplanochytrium_sp";"Aplanochytrium";0;2;0;0;0
"427";"FJ800592_1_1387_U_Aplanochytrium_sp";"Aplanochytrium";0;1;0;0;0
"428";"FJ800625_1_1389_U_Aplanochytrium_sp";"Aplanochytrium";1;1;0;0;0
"429";"KJ761355_1_1806_U_Aplanochytrium_sp";"Aplanochytrium";10;31;0;0;0
"430";"EU851174_1_1353_U_Aplanochytrium_sp";"Aplanochytrium";2;1;0;0;0
"431";"DQ103777_1_1786_U_Aplanochytrium_sp";"Aplanochytrium";1;4;0;0;0
"432";"DQ103805_1_1793_U_Aplanochytrium_sp";"Aplanochytrium";0;1;0;0;0
"433";"FJ389821_1_599_U_Aplanochytrium_sp";"Aplanochytrium";0;1;0;0;0
"434";"FJ389838_1_850_U_Aplanochytrium_sp";"Aplanochytrium";0;3;0;0;0
"435";"FJ389840_1_791_U_Aplanochytrium_sp";"Aplanochytrium";0;1;0;0;0
"436";"FJ389863_1_611_U_Aplanochytrium_sp";"Aplanochytrium";0;1;0;0;0
"437";"EU851167_1_1682_U_Aplanochytrium_sp";"Aplanochytrium";2;0;0;0;0
"438";"KT901794_1_1639_U_Aplanochytrium_sp";"Aplanochytrium";0;2;0;0;0
"439";"EU851173_1_1731_U_Aplanochytrium_sp";"Aplanochytrium";5;3;0;0;0
"440";"HM227261_1_528_U_Aplanochytrium_sp";"Aplanochytrium";0;1;0;0;0
"441";"FJ389836_1_838_U_Aplanochytrium_sp";"Aplanochytrium";0;3;0;0;0
"442";"FJ389844_1_739_U_Aplanochytrium_sp";"Aplanochytrium";0;1;0;0;0
"443";"FJ389848_1_770_U_Aplanochytrium_sp";"Aplanochytrium";0;1;0;0;0
"444";"FJ389823_1_805_U_Aplanochytrium_sp";"Aplanochytrium";1;2;0;0;0
"445";"FJ389825_1_762_U_Aplanochytrium_sp";"Aplanochytrium";0;1;0;0;0
"446";"AY684799_1_819_U_Aplanochytrium_stocchinoi";"Aplanochytrium";0;1;0;0;0
"447";"FJ389861_1_762_U_Aplanochytrium_sp";"Aplanochytrium";0;1;0;0;0
"448";"KT277637_1_1177_U_Aplanochytrium_sp";"Aplanochytrium";0;1;0;0;0
"449";"KT901793_1_1601_U_Aplanochytrium_minutum";"Aplanochytrium";0;1;0;0;0
"450";"L27634_1_1802_U_Aplanochytrium_minutum";"Aplanochytrium";0;5;0;0;0
"451";"FJ389756_1_743_U_Aplanochytrium_sp";"Aplanochytrium";0;1;0;0;0
"452";"KC911766_1_841_U_Aplanochytrium_sp";"Aplanochytrium";0;1;0;0;0
"453";"FJ389852_1_751_U_Aplanochytrium_sp";"Aplanochytrium";0;1;0;0;0
"454";"FJ389857_1_640_U_Aplanochytrium_sp";"Aplanochytrium";0;2;0;0;0
"455";"FJ800650_1_1387_U_Aplanochytrium_sp";"Aplanochytrium";0;1;0;0;0
"456";"HM228082_1_532_U_Aplanochytrium_sp";"Aplanochytrium";0;6;0;1;0
"457";"MW695660_1_1554_U_Aplanochytrium_minutum";"Aplanochytrium";1;0;0;0;0
"458";"AJ519935_1_1762_U_Aplanochytrium_stocchinoi";"Aplanochytrium";1;10;0;0;0
"459";"FJ810216_1_1797_U_Aplanochytrium_sp";"Aplanochytrium";0;0;0;0;0
"460";"AB022103_1_1787_U_Aplanochytrium_kerguelense";"Aplanochytrium";1;0;0;0;0
"461";"FJ389872_1_748_U_Aplanochytrium_sp";"Aplanochytrium";0;3;0;0;0
"462";"KT201567_1_1699_U_Labyrinthula_sp";"Labyrinthula diatomea";0;0;0;0;0
"463";"MN101174_1_1664_U_Labyrinthula_diatomea";"Labyrinthula diatomea";0;1;0;0;0
"464";"EF100254_1_1366_U_Labyrinthula_sp";"Labyrinthula diatomea";0;1;0;0;0
"465";"AB290455_1_1677_U_Labyrinthula_sp";"Labyrinthula merlionensis";0;4;1;0;0
"466";"PQ059862_1_1676_Labyrinthula_sp";"Labyrinthula merlionensis";0;1;0;0;0
"467";"AB095092_1_1719_U_Labyrinthula_sp";"AB095092_1_1719_U_Labyrinthula_sp";0;10;0;0;0
"468";"AF265332_1_1184_U_Labyrinthula_sp";"AF265332_1_1184_U_Labyrinthula_sp";0;1;0;0;0
"469";"EU431329_1_1745_U_Labyrinthula_sp";"EU431329_1_1745_U_Labyrinthula_sp";0;0;2;0;0
"470";"KP996040_1_977_U_Labyrinthula_sp";"KP996040_1_977_U_Labyrinthula_sp";0;0;0;0;5
"471";"FJ389849_1_717_U_Labyrinthula_sp";"FJ389849_1_717_U_Labyrinthula_sp";0;1;0;0;0
"472";"FJ389864_1_684_U_Labyrinthula_sp";"FJ389864_1_684_U_Labyrinthula_sp";0;1;0;0;0
"473";"AY835688_1_1101_U_Labyrinthula_sp";"AY835688_1_1101_U_Labyrinthula_sp";0;0;1;0;0
"474";"EU528046_1_589_U_Aplanochytrium_blankum";"EU528046_1_589_U_Aplanochytrium_blankum";0;0;0;0;1
"475";"GQ499192_1_1014_U_Labyrinthula_sp";"GQ499192_1_1014_U_Labyrinthula_sp";0;0;0;0;1
"476";"FJ389767_1_606_U_Labyrinthula_sp";"FJ389767_1_606_U_Labyrinthula_sp";0;1;0;0;0
"477";"KU559378_1_1731_U_Labyrinthula_sp";"KU559378_1_1731_U_Labyrinthula_sp";0;1;0;0;0
"478";"AB246794_1_1680_U_Labyrinthula_sp";"AB246794_1_1680_U_Labyrinthula_sp";0;10;0;0;0
"479";"FJ536742_1_993_U_Labyrinthula_sp";"FJ536742_1_993_U_Labyrinthula_sp";0;0;0;0;0
"480";"AB290459_1_1646_U_Labyrinthula_sp";"AB290459_1_1646_U_Labyrinthula_sp";0;1;0;0;0
"481";"FR875359_1_1685_U_Labyrinthula_sp";"FR875359_1_1685_U_Labyrinthula_sp";0;10;0;0;0
"482";"KP996186_1_961_U_Labyrinthula_sp";"KP996186_1_961_U_Labyrinthula_sp";0;0;0;0;1
"483";"AB290454_1_1644_U_Labyrinthula_sp";"AB290454_1_1644_U_Labyrinthula_sp";0;1;0;0;0
"484";"AY426935_1_712_U_Labyrinthula_sp";"AY426935_1_712_U_Labyrinthula_sp";0;1;0;0;0
"485";"AF265334_1_1171_U_Labyrinthula_zosterae";"Labyrinthula zosterae";0;1;0;0;0
"486";"AF265335_1_1171_U_Labyrinthula_zosterae";"Labyrinthula zosterae";0;1;0;0;0
"487";"FR875308_1_1670_U_Labyrinthula_zosterae";"Labyrinthula zosterae";0;57;0;0;0
"488";"KU559374_1_1613_U_Labyrinthula_zosterae";"Labyrinthula zosterae";0;1;0;0;0
"489";"KU559375_1_1685_U_Labyrinthula_zosterae";"Labyrinthula zosterae";0;1;0;0;0
"490";"MF872127_1_1584_U_Labyrinthula_zosterae";"Labyrinthula zosterae";0;4;0;0;0
"491";"KU559373_1_1614_U_Labyrinthula_zosterae";"Labyrinthula zosterae";0;3;0;0;0
"492";"MF872132_1_1592_U_Aplanochytrium_blankum";"Labyrinthula zosterae";0;1;0;0;0
"493";"GQ499190_1_1052_U_Labyrinthula_sp";"GQ499190_1_1052_U_Labyrinthula_sp";0;0;0;0;1
"494";"EF100308_1_1277_U_Labyrinthula_sp";"EF100308_1_1277_U_Labyrinthula_sp";0;1;0;0;0
"495";"EF100369_1_1214_U_Labyrinthula_sp";"EF100369_1_1214_U_Labyrinthula_sp";0;1;0;0;0
"496";"CL603049_1_1029_U_Labyrinthula_terrestris";"Labyrinthula terrestris";0;0;0;0;1
"497";"CL603054_1_1002_U_Labyrinthula_terrestris";"Labyrinthula terrestris";0;0;0;0;1
"498";"GQ499189_1_1040_U_Labyrinthula_terrestris";"Labyrinthula terrestris";0;0;0;0;76
"499";"CL603046_1_1056_U_Labyrinthula_terrestris";"Labyrinthula terrestris";0;0;0;0;8
"500";"GQ499191_1_1056_U_Labyrinthula_sp";"Labyrinthula terrestris";0;0;0;0;27
"501";"AF265330_1_1183_U_Labyrinthula_sp";"Labyrinthula terrestris";0;1;0;0;0
"502";"FJ389881_1_735_U_Labyrinthulaceae_X_sp";"FJ389881_1_735_U_Labyrinthulaceae_X_sp";0;1;0;0;0
"503";"LN577147_1_721_U_Aplanochytrium_minutum";"LAB34";0;0;0;0;1
"504";"LN577275_1_728_U_Aplanochytrium_minutum";"LAB34";0;0;0;0;1
"505";"LN577100_1_742_U_Aplanochytrium_minutum";"LAB34";0;0;0;0;1
"506";"LN577544_1_735_U_Aplanochytrium_minutum";"LAB34";0;0;0;0;4
"507";"LN577303_1_737_U_Aplanochytrium_minutum";"LAB34";0;0;0;0;2
"508";"LN577982_1_730_U_Labyrinthulaceae_X_sp";"LAB34";0;0;0;0;1
"509";"LN586391_1_733_U_Labyrinthulaceae_X_sp";"LAB34";0;0;0;0;1
"510";"LN582808_1_733_U_Aplanochytrium_minutum";"LAB34";0;0;0;0;1
"511";"LN582917_1_727_U_Aplanochytrium_minutum";"LAB34";0;0;0;0;1
"512";"LN577267_1_730_U_Aplanochytrium_minutum";"LAB34";0;0;0;0;1
"513";"LN577452_1_736_U_Aplanochytrium_minutum";"LAB34";0;0;0;0;14
"514";"LN576881_1_732_U_Aplanochytrium_minutum";"LAB34";0;0;0;0;1
"515";"LN582876_1_730_U_Aplanochytrium_minutum";"LAB34";0;0;0;0;1
"516";"LN583197_1_737_U_Aplanochytrium_minutum";"LAB34";0;0;0;0;1
"517";"LN582846_1_726_U_Aplanochytrium_minutum";"LAB34";0;0;0;0;1
"518";"LN582842_1_731_U_Aplanochytrium_minutum";"LAB34";0;0;0;0;1
"519";"LN582979_1_726_U_Aplanochytrium_minutum";"LAB34";0;0;0;0;1
"520";"LN582913_1_733_U_Aplanochytrium_minutum";"LAB34";0;0;0;0;1
"521";"LN582981_1_734_U_Aplanochytrium_minutum";"LAB34";0;0;0;0;1
"522";"LN582815_1_730_U_Aplanochytrium_minutum";"LAB34";0;0;0;0;1
"523";"LN586596_1_729_U_Aplanochytrium_minutum";"LAB34";0;0;0;0;1
"524";"LN582903_1_732_U_Aplanochytrium_minutum";"LAB34";0;0;0;0;1
"525";"LN576997_1_717_U_Aplanochytrium_minutum";"LAB34";0;0;0;0;1
"526";"LN588249_1_736_U_Aplanochytrium_minutum";"LAB34";0;0;0;0;3
"527";"EU528045_1_603_U_Labyrinthulaceae_ANT10_3_sp";"LAB34";0;0;0;0;1
"528";"LN577184_1_733_U_Aplanochytrium_minutum";"LAB34";0;0;0;0;1
"529";"LN577209_1_727_U_Aplanochytrium_minutum";"LAB34";0;0;0;0;1
"530";"LN577264_1_733_U_Aplanochytrium_minutum";"LAB34";0;0;0;0;1
"531";"LN588281_1_732_U_Labyrinthulaceae_X_sp";"LAB34";0;0;0;0;1
"532";"LN583027_1_735_U_Labyrinthulaceae_X_sp";"LAB34";0;0;0;0;1
"533";"LN583184_1_733_U_Labyrinthulaceae_X_sp";"LAB34";0;0;0;0;1
"534";"LN577077_1_734_U_Aplanochytrium_minutum";"LAB34";0;0;0;0;1
"535";"LN586434_1_730_U_Labyrinthulaceae_X_sp";"LAB34";0;0;0;0;1
"536";"EF659869_1_777_U_Labyrinthulaceae_X_sp";"LAB34";0;1;0;0;0
"537";"DQ459554_1_573_U_Labyrinthulaceae_G41_sp";"DQ459554_1_573_U_Labyrinthulaceae_G41_sp";0;1;0;0;0
"538";"AB695476_1_1762_U_Labyrinthulaceae_ANT10_3_sp";"Aplanochytrium (ANT10.3)";0;0;0;2;0
"539";"AB695481_1_1768_U_Labyrinthulaceae_ANT10_3_sp";"Aplanochytrium (ANT10.3)";0;0;0;1;0
"540";"AY916582_1_1880_U_Labyrinthulaceae_ANT10_3_sp";"Aplanochytrium (ANT10.3)";0;0;0;1;0
"541";"AB695479_1_1769_U_Labyrinthulaceae_ANT10_3_sp";"Aplanochytrium (ANT10.3)";0;0;0;1;0
"542";"EF100337_1_1454_U_Labyrinthulaceae_ANT10_3_sp";"Aplanochytrium (ANT10.3)";0;1;0;0;0
"543";"KX160007_1_1736_U_Aplanochytrium_blankum";"Aplanochytrium (ANT10.3)";0;1;0;0;0
"544";"FJ153754_1_1787_U_Labyrinthulaceae_ANT10_3_sp";"Aplanochytrium (ANT10.3)";0;2;0;0;0
"545";"AB695533_1_1763_U_Labyrinthulaceae_ANT10_3_sp";"Aplanochytrium (ANT10.3)";0;0;0;1;0
"546";"FJ389831_1_779_U_Labyrinthulaceae_ANT10_3_sp";"Aplanochytrium (ANT10.3)";0;1;0;0;0
"547";"EF100239_1_1403_U_Labyrinthulaceae_ANT10_3_sp";"Aplanochytrium (ANT10.3)";0;2;0;0;0
"548";"EF100392_1_1573_U_Labyrinthulaceae_ANT10_3_sp";"Aplanochytrium (ANT10.3)";0;1;0;0;0
"549";"EF100267_1_1403_U_Labyrinthulaceae_ANT10_3_sp";"Aplanochytrium (ANT10.3)";0;2;0;0;0
"550";"MF992088_1_558_U_Labyrinthulaceae_ANT10_3_sp";"Aplanochytrium (ANT10.3)";0;1;0;0;0
"551";"LM653283_1_1635_U_Labyrinthulaceae_ANT10_3_sp";"Aplanochytrium (ANT10.3)";0;1;0;0;0
"552";"MF992090_1_559_U_Labyrinthulaceae_ANT10_3_sp";"Aplanochytrium (ANT10.3)";0;1;0;0;0
"553";"FJ389796_1_549_U_Aplanochytrium_blankum";"Aplanochytrium (ANT10.3)";0;1;0;0;0
"554";"JN825662_1_1055_U_Labyrinthulaceae_ANT10_3_sp";"Aplanochytrium (ANT10.3)";0;0;0;1;0
"555";"HM228069_1_532_U_Aplanochytrium_sp";"LAB33";0;2;0;0;0
"556";"JF972200_1_526_U_Aplanochytrium_sp";"LAB33";1;0;0;0;0
"557";"JF972249_1_526_U_Labyrinthulaceae_G41_sp";"LAB33";1;0;0;0;0
"558";"KC851756_1_560_U_Aplanochytrium_minutum";"LAB33";0;1;0;0;0
"559";"KY980090_1_1703_U_Labyrinthulaceae_ANT10_3_sp";"KY980090_1_1703_U_Labyrinthulaceae_ANT10_3_sp";0;0;0;0;0
"560";"FJ800640_1_1421_U_Labyrinthulomycetes_LAB1_sp";"LAB1/Stellarchytrium dubum";0;3;0;0;0
"561";"KX160006_1_1788_U_Stellarchytrium_dubum";"LAB1/Stellarchytrium dubum";0;3;0;0;0
"562";"AB219775_1_579_U_Labyrinthulomycetes_LAB1_sp";"LAB1/Stellarchytrium dubum";1;0;0;0;0
"563";"asv_393_25964_Labyrinthulomycetes_LAB1_sp_16";"LAB1/Stellarchytrium dubum";1;1;0;0;0
"564";"AB275111_1_1803_U_Labyrinthulomycetes_LAB1_sp";"LAB1/Stellarchytrium dubum";0;1;0;0;0
"565";"GU218917_1_650_U_Labyrinthulomycetes_LAB1_sp";"LAB1/Stellarchytrium dubum";1;0;0;0;0
"566";"JQ242814_1_576_U_Stellarchytrium_dubum";"LAB1/Stellarchytrium dubum";1;0;0;0;0
"567";"JQ244211_1_576_U_Stellarchytrium_dubum";"LAB1/Stellarchytrium dubum";1;0;0;0;0
"568";"JQ242645_1_576_U_Stellarchytrium_dubum";"LAB1/Stellarchytrium dubum";2;0;0;0;0
"569";"FJ800605_1_1398_U_Labyrinthulomycetes_LAB1_sp";"LAB1/Stellarchytrium dubum";0;1;0;0;0
"570";"GU219136_1_625_U_Stellarchytrium_dubum";"LAB1/Stellarchytrium dubum";1;0;0;0;0
"571";"MT648446_1_883_U_Oblongichytrium_sp";"Oblongichytrium";0;0;0;0;0
"572";"MT667372_1_737_U_Oblongichytrium_sp";"Oblongichytrium";0;0;0;0;0
"573";"MT667421_1_674_U_Oblongichytrium_sp";"Oblongichytrium";0;0;0;0;0
"574";"asv_393_15775_Oblongichytrium_sp_20";"Oblongichytrium";0;1;0;0;0
"575";"KM374684_1_1662_U_Oblongichytrium_sp";"Oblongichytrium";0;0;0;0;0
"576";"MT667280_1_1001_U_Oblongichytrium_sp";"Oblongichytrium";0;0;0;0;0
"577";"AB973539_1_1653_U_Oblongichytrium_sp";"Oblongichytrium";0;3;0;0;0
"578";"MT668509_1_816_U_Oblongichytrium_sp";"Oblongichytrium";0;0;0;0;0
"579";"MG711605_227_1283_UC_Oblongichytrium_sp";"Oblongichytrium";0;1;0;0;0
"580";"MT667352_1_646_U_Oblongichytrium_sp";"Oblongichytrium";0;0;0;0;0
"581";"FJ800637_1_1386_U_Oblongichytrium_sp";"Oblongichytrium";0;1;0;0;0
"582";"HQ228948_1_1714_U_Oblongichytrium_sp";"Oblongichytrium";0;4;0;0;0
"583";"MG711654_1_1566_U_Oblongichytrium_sp";"Oblongichytrium";0;1;0;0;0
"584";"KJ513674_1_670_U_Oblongichytrium_porteri";"Oblongichytrium";0;1;0;0;0
"585";"FJ800636_1_1386_U_Oblongichytrium_sp";"Oblongichytrium";0;1;0;0;0
"586";"HM228191_1_529_U_Oblongichytrium_sp";"Oblongichytrium";0;1;0;0;0
"587";"asv_393_30341_Oblongichytrium_sp_2";"Oblongichytrium";0;1;0;0;0
"588";"asv_393_27921_Oblongichytrium_sp_4";"Oblongichytrium";0;2;0;0;0
"589";"AY256299_1_1224_U_Oblongichytrium_sp";"Oblongichytrium";1;0;0;0;0
"590";"AB505563_1_1732_U_Oblongichytrium_sp";"Oblongichytrium";1;0;0;0;0
"591";"JQ242249_1_576_U_Oblongichytrium_sp";"Oblongichytrium";3;0;0;0;0
"592";"JQ244731_1_576_U_Oblongichytrium_sp";"Oblongichytrium";1;0;0;0;0
"593";"JQ242025_1_576_U_Oblongichytrium_sp";"Oblongichytrium";8;0;0;0;0
"594";"JQ243385_1_576_U_Oblongichytrium_sp";"Oblongichytrium";1;0;0;0;0
"595";"JQ243362_1_576_U_Oblongichytrium_sp";"Oblongichytrium";1;0;0;0;0
"596";"JQ243386_1_576_U_Oblongichytrium_sp";"Oblongichytrium";1;0;0;0;0
"597";"JQ243669_1_576_U_Oblongichytrium_sp";"Oblongichytrium";1;0;0;0;0
"598";"FJ800612_1_1386_U_Oblongichytrium_sp";"Oblongichytrium";0;1;0;0;0
"599";"KM067444_1_1105_U_Oblongichytrium_sp";"Oblongichytrium";2;0;0;0;0
"600";"FJ800639_1_1390_U_Oblongichytrium_sp";"Oblongichytrium";0;1;0;0;0
"601";"FJ800626_1_1387_U_Oblongichytrium_sp";"Oblongichytrium";0;1;0;0;0
"602";"FN598249_1_1149_U_Oblongichytrium_sp";"Oblongichytrium";1;0;0;0;0
"603";"EF100252_1_1404_U_Oblongichytrium_sp";"Oblongichytrium";0;1;0;0;0
"604";"FJ800632_1_1387_U_Oblongichytrium_sp";"Oblongichytrium";0;7;0;0;0
"605";"AB810967_1_1764_U_Oblongichytrium_sp";"Oblongichytrium";0;5;0;0;0
"606";"DQ459550_1_1690_U_Oblongichytrium_sp";"Oblongichytrium";0;1;0;0;0
"607";"AF265336_1_1230_U_Oblongichytrium_sp";"Oblongichytrium";0;1;0;0;0
"608";"MT648448_1_894_U_Oblongichytrium_sp";"Oblongichytrium";0;0;0;0;0
"609";"MT668540_1_631_U_Oblongichytrium_sp";"Oblongichytrium";0;0;0;0;0
"610";"MT668423_1_588_U_Oblongichytrium_sp";"Oblongichytrium";0;0;0;0;0
"611";"AB022108_1_1794_U_Oblongichytrium_sp";"Oblongichytrium";0;0;0;0;0
"612";"AB973535_1_1677_U_Oblongichytrium_sp";"Oblongichytrium";0;1;0;0;0
"613";"AB973534_1_1725_U_Oblongichytrium_sp";"Oblongichytrium";1;1;0;0;0
"614";"KX160008_508_1745_UC_Oblongichytrium_porteri";"Oblongichytrium";0;1;0;0;0
"615";"AY870339_1_776_U_Oblongichytrium_sp";"Oblongichytrium";0;1;0;0;0
"616";"DQ367046_1_1695_U_Oblongichytrium_sp";"Oblongichytrium";0;0;0;0;0
"617";"FJ821480_1_1798_U_Oblongichytrium_sp";"Oblongichytrium";0;6;0;0;0
"618";"FJ821481_1_1797_U_Oblongichytrium_sp";"Oblongichytrium";0;0;0;0;0
"619";"FJ799796_1_1772_U_Oblongichytrium_sp";"Oblongichytrium";0;4;0;0;0
"620";"FJ389824_1_812_U_Oblongichytrium_sp";"Oblongichytrium";0;1;0;0;0
"621";"FJ389892_1_647_U_Oblongichytrium_sp";"Oblongichytrium";0;1;0;0;0
"622";"FJ389829_1_660_U_Oblongichytrium_sp";"Oblongichytrium";0;1;0;0;0
"623";"FJ800641_1_1389_U_Oblongichytrium_sp";"Oblongichytrium";0;1;0;0;0
"624";"FJ389853_1_528_U_Oblongichytrium_sp";"Oblongichytrium";0;1;0;0;0
"625";"FJ389876_1_513_U_Oblongichytrium_sp";"Oblongichytrium";0;1;0;0;0
"626";"FJ800643_1_1388_U_Oblongichytrium_sp";"Oblongichytrium";0;1;0;0;0
"627";"AB022111_1_1796_U_Oblongichytrium_sp";"Oblongichytrium";0;4;0;0;0
"628";"DQ459551_1_627_U_Oblongichytrium_sp";"Oblongichytrium";0;1;0;0;0
"629";"FJ799794_1_1772_U_Oblongichytrium_sp";"Oblongichytrium";0;1;0;0;0
"630";"FJ800652_1_1391_U_Oblongichytrium_sp";"Oblongichytrium";0;1;0;0;0
"631";"HQ866848_1_891_U_Labyrinthulomycetes_LAB2_X_sp";"LAB2";0;3;0;0;0
"632";"HQ870626_1_847_U_Labyrinthulomycetes_LAB2_X_sp";"LAB2";0;1;0;0;0
"633";"HQ866358_1_884_U_Labyrinthulomycetes_LAB2_X_sp";"LAB2";0;1;0;0;0
"634";"FJ800599_1_1389_U_Labyrinthulomycetes_LAB2_X_sp";"LAB2";0;1;0;0;0
"635";"HQ866052_1_884_U_Labyrinthulomycetes_LAB2_X_sp";"LAB2";0;1;0;0;0
"636";"FJ153715_1_1211_U_Labyrinthulomycetes_LAB2_X_sp";"LAB2";0;2;0;0;0
"637";"AB191423_1_1718_U_Labyrinthulomycetes_LAB2_X_sp";"LAB2";2;0;0;0;0
"638";"FJ800623_1_1388_U_Labyrinthulomycetes_LAB2_X_sp";"LAB2";0;1;0;0;0
"639";"asv_393_31809_Labyrinthulomycetes_LAB11_X_sp_2";"LAB11";0;1;0;0;0
"640";"FJ800611_1_1388_U_Labyrinthulomycetes_LAB11_X_sp";"LAB11";0;1;0;0;0
"641";"GU823652_1_1404_U_Labyrinthulomycetes_LAB4_X_sp";"LAB4";1;1;0;0;0
"642";"JF275407_1_500_U_Labyrinthulomycetes_LAB4_X_sp";"LAB4";0;1;0;0;0
"643";"HM369677_1_530_U_Labyrinthulomycetes_LAB4_X_sp";"LAB4";0;1;0;0;0
"644";"JF275406_1_500_U_Labyrinthulomycetes_LAB4_X_sp";"LAB4";0;1;0;0;0
"645";"FJ800609_1_1395_U_Labyrinthulomycetes_LAB4_X_sp";"LAB4";0;1;0;0;0
"646";"GU823236_1_1403_U_Labyrinthulomycetes_LAB4_X_sp";"LAB4";1;0;0;0;0
"647";"GU823017_1_1402_U_Labyrinthulomycetes_LAB4_X_sp";"LAB4";1;0;0;0;0
"648";"EF100352_1_1458_U_Labyrinthulomycetes_LAB4_X_sp";"LAB4";0;1;0;0;0
"649";"FJ800607_1_1392_U_Labyrinthulomycetes_LAB9_X_sp";"LAB9";0;1;0;0;0
"650";"HM369669_1_518_U_Labyrinthulomycetes_LAB9_X_sp";"LAB9";0;1;0;0;0
"651";"FJ800595_1_1387_U_Labyrinthulomycetes_LAB3_X_sp";"LAB3";0;1;0;0;0
"652";"FJ800601_1_1384_U_Labyrinthulomycetes_LAB3_X_sp";"LAB3";0;3;0;0;0
"653";"FJ800597_1_1384_U_Labyrinthulomycetes_LAB3_X_sp";"LAB3";0;1;0;0;0
"654";"AB252772_1_1679_U_Labyrinthulomycetes_LAB10_X_sp";"LAB10";1;0;0;0;0
"655";"DQ062511_1_757_U_Labyrinthulomycetes_LAB10_X_sp";"LAB10";1;0;0;0;0
"656";"asv_393_29520_Labyrinthulomycetes_LAB14_X_sp_7";"LAB14";2;1;0;0;0
"657";"EU500148_1_792_U_Labyrinthulomycetes_LAB14_X_sp";"LAB14";1;0;0;0;0
"658";"GU822961_1_1400_U_Labyrinthulomycetes_LAB14_X_sp";"LAB14";5;2;0;0;0
"659";"GU823664_1_1211_U_Labyrinthulomycetes_LAB14_X_sp";"LAB14";1;0;0;0;0
"660";"HQ222551_1_965_U_Labyrinthulaceae_X_sp";"LAB14";2;0;0;0;0
"661";"HQ869614_1_902_U_Labyrinthulomycetes_LAB14_X_sp";"LAB14";0;2;0;0;0
"662";"GU823667_1_1209_U_Labyrinthulomycetes_LAB14_X_sp";"LAB14";1;0;0;0;0
"663";"HQ869190_1_913_U_Labyrinthulomycetes_LAB14_X_sp";"LAB14";0;4;0;0;0
"664";"GU823529_1_1078_U_Labyrinthulomycetes_LAB14_X_sp";"LAB14";2;0;0;0;0
"665";"GU823526_1_1078_U_Labyrinthulomycetes_LAB14_X_sp";"LAB14";1;3;0;0;0
"666";"HQ869768_1_904_U_Labyrinthulomycetes_LAB14_X_sp";"LAB14";0;1;0;0;0
"667";"FJ431786_1_799_U_Labyrinthulomycetes_LAB14_X_sp";"LAB14";0;1;0;0;0
"668";"GQ344753_1_911_U_Labyrinthulomycetes_LAB14_X_sp";"LAB14";1;1;0;0;0
"669";"GU824035_1_1400_U_Labyrinthulomycetes_LAB14_X_sp";"LAB14";5;0;0;0;0
"670";"GQ344784_1_875_U_Labyrinthulomycetes_LAB14_X_sp";"LAB14";0;1;0;0;0
"671";"HQ870482_1_852_U_Labyrinthulaceae_X_sp";"LAB14";0;1;0;0;0
"672";"AY872271_1_557_U_Labyrinthulomycetes_LAB7_X_sp";"LAB7";0;1;0;0;0
"673";"HQ869707_1_906_U_Labyrinthulomycetes_LAB7_X_sp";"LAB7";0;1;0;0;0
"674";"KF129615_1_1773_U_Labyrinthulomycetes_LAB7_X_sp";"LAB7";9;3;0;0;0
"675";"GU219191_1_1203_U_Labyrinthulomycetes_LAB7_X_sp";"LAB7";1;0;0;0;0
"676";"KF129825_1_1772_U_Labyrinthulomycetes_LAB7_X_sp";"LAB7";3;2;0;0;0
"677";"HQ867593_1_917_U_Labyrinthulomycetes_LAB7_X_sp";"LAB7";0;6;0;0;0
"678";"HQ869583_1_905_U_Labyrinthulomycetes_LAB7_X_sp";"LAB7";0;3;0;0;0
"679";"AY381171_1_1732_U_Labyrinthulomycetes_LAB7_X_sp";"LAB7";1;1;0;0;0
"680";"JQ226597_1_1616_U_Labyrinthulomycetes_LAB7_X_sp";"LAB7";0;2;0;0;0
"681";"HM857458_1_667_U_Labyrinthulomycetes_LAB7_X_sp";"LAB7";1;0;0;0;0
"682";"HQ867440_1_869_U_Labyrinthulomycetes_LAB7_X_sp";"LAB7";0;1;0;0;0
"683";"asv_393_26472_Aplanochytrium_blankum_5";"LAB12";0;2;0;0;0
"684";"asv_393_29191_Aplanochytrium_blankum_3";"LAB12";0;1;0;0;0
"685";"DQ918581_1_513_U_Labyrinthulomycetes_LAB12_X_sp";"LAB12";1;0;0;0;0
"686";"JX188369_1_1778_U_Labyrinthulomycetes_LAB12_X_sp";"LAB12";1;0;0;0;0
"687";"HQ868118_1_895_U_Labyrinthulomycetes_LAB13_X_sp";"LAB13";0;1;0;0;0
"688";"JN692587_1_602_U_Labyrinthulomycetes_LAB13_X_sp";"LAB13";2;0;0;0;0
"689";"HQ868804_1_898_U_Labyrinthulomycetes_LAB13_X_sp";"LAB13";0;1;0;0;0
"690";"HQ869002_1_874_U_Labyrinthulomycetes_LAB13_X_sp";"LAB13";0;1;0;0;0
"691";"AY295703_1_550_U_Labyrinthulomycetes_LAB13_X_sp";"LAB13";0;1;0;0;0
"692";"HQ394130_1_792_U_Aplanochytrium_blankum";"HQ394130_1_792_U_Aplanochytrium_blankum";0;1;0;0;0
"693";"GU824784_1_1079_U_Labyrinthulomycetes_LAB15_X_sp";"LAB15";1;0;0;0;0
"694";"GU824936_1_1399_U_Labyrinthulomycetes_LAB15_X_sp";"LAB15";1;0;0;0;0
"695";"GU824411_1_1206_U_Labyrinthulomycetes_LAB15_X_sp";"LAB15";1;0;0;0;0
"696";"KJ762709_1_1801_U_Labyrinthulomycetes_LAB15_X_sp";"LAB15";12;2;0;0;0
"697";"AY665006_1_1761_U_Labyrinthulomycetes_LAB15_X_sp";"LAB15";6;0;0;0;0
"698";"KJ763928_1_1808_U_Labyrinthulomycetes_LAB15_X_sp";"LAB15";3;0;0;0;0
"699";"DQ918478_1_550_U_Labyrinthulomycetes_LAB15_X_sp";"LAB15";1;0;0;0;0
"700";"HQ869249_1_877_U_Labyrinthulomycetes_LAB15_X_sp";"LAB15";1;2;0;0;0
"701";"GU823939_1_1076_U_Labyrinthulomycetes_LAB15_X_sp";"LAB15";1;0;0;0;0
"702";"JN832718_1_1719_U_Labyrinthulomycetes_LAB15_X_sp";"LAB15";4;0;0;0;0
"703";"KJ762608_1_1818_U_Labyrinthulomycetes_LAB15_X_sp";"LAB15";2;0;0;0;0
"704";"HQ870709_1_851_U_Labyrinthulomycetes_LAB15_X_sp";"LAB15";0;1;0;0;0
"705";"KJ757176_1_1814_U_Labyrinthulomycetes_LAB15_X_sp";"LAB15";3;1;0;0;0
"706";"HQ870447_1_851_U_Labyrinthulomycetes_LAB15_X_sp";"LAB15";0;1;0;0;0
"707";"GU823099_1_1396_U_Labyrinthulomycetes_LAB15_X_sp";"LAB15";1;0;0;0;0
"708";"GU823191_1_1075_U_Labyrinthulomycetes_LAB15_X_sp";"LAB15";1;0;0;0;0
"709";"GU823102_1_1063_U_Labyrinthulomycetes_LAB15_X_sp";"LAB15";1;0;0;0;0
"710";"GU823179_1_1075_U_Labyrinthulomycetes_LAB15_X_sp";"LAB15";2;0;0;0;0
"711";"GU823593_1_1207_U_Labyrinthulomycetes_LAB15_X_sp";"LAB15";1;0;0;0;0
"712";"HQ156895_1_604_U_Labyrinthulomycetes_LAB15_X_sp";"LAB15";0;1;0;0;0
"713";"GU823167_1_1219_U_Labyrinthulomycetes_LAB16_X_sp";"LAB16";1;0;0;0;0
"714";"GU823444_1_1212_U_Labyrinthulomycetes_LAB16_X_sp";"LAB16";3;0;0;0;0
"715";"KJ758913_1_1823_U_Labyrinthulomycetes_LAB16_X_sp";"LAB16";1;1;0;0;0
"716";"JX188294_1_1796_U_Labyrinthulomycetes_LAB16_X_sp";"LAB16";1;0;0;0;0
"717";"EF526960_1_1460_U_Labyrinthulomycetes_LAB14_X_sp";"EF526960_1_1460_U_Labyrinthulomycetes_LAB14_X_sp";0;1;0;0;0
"718";"AY742761_1_1806_U_Phytophthora_infestans";"AY742761_1_1806_U_Phytophthora_infestans";0;0;0;0;0
"719";"DQ403202_1_1756_U_Aphanomyces_invadans";"DQ403202_1_1756_U_Aphanomyces_invadans";0;1;0;0;0
